nro,nombres,primerApellido,segundoApellido,fechaNacimiento,documento,tipoDocumento,correo,telefono,contrasena
1,RAUL RODRIGO,ARCAS,PREIXENS,1970-07-19,2235394978-6T,CI,correo-2235394978-6T@mailinator.com,6360810713,b6Hl!prDE4coif<l
2,FABIO JUNIOR,CINTERO,REGALIZA,1989-05-05,3577406104-4T,CI,correo-3577406104-4T@mailinator.com,6668686498,Wb>rEVN8:I5K670n
3,JOAN LLUIS,ARCEDIANO,,1998-03-04,6215932720-3C,CI,correo-6215932720-3C@mailinator.com,6356206648,<T^vJ?^26KuJ?Rsa
4,JULIAN ENRIQUE,,TANASIE,1965-03-14,7191303585,CI,correo-7191303585@mailinator.com,6312416665,s.ne#P|$mE9T5rlX
5,MERYEME,EZCURDIA,,2007-03-12,8393285991-5X,CI,correo-8393285991-5X@mailinator.com,6414924423,zlb:g54BR4RTgh5+
6,EDWIN RAMIRO,,ARAZOLA,2000-11-15,9879558254-8O,CI,correo-9879558254-8O@mailinator.com,6946301755,h786%2+uNt[s]kT%
7,ANA NOEMI,JUNCOS,,2007-04-06,7873660746-5R,CIE,correo-7873660746-5R@mailinator.com,6489058650,1[Sv4)z#x96<g)CI
8,ALEX CRISTIAN,,ANDRADA,1997-11-15,3746130579-2I,CIE,correo-3746130579-2I@mailinator.com,6778987634,Z.uqpY8aM*W0?Xkh
9,OSCAR ALBERTO,PUNTI,SILVERO,1965-04-26,7051503405,CIE,correo-7051503405@mailinator.com,6451322146,xEfsa[1$!}V9fek.
10,FLOR ALBA,,MENDES,1977-10-03,1394313996,CIE,correo-1394313996@mailinator.com,7937232255,n41[KE4XD4p^wT<u